last_update,bet_mode,date,sport,odds_source,category,home_team,away_team,market,selection,ai_probability,bookmaker_odds,implied_probability,value,confidence,ia_badge,reliable_only,safety_score,safety_level,football_trap_signal,learning_adjustment,calibration_adjustment,threshold_profile,decision_status,refusal_reason,decision_reason,home_recent_form,away_recent_form,home_recent_attack,away_recent_attack,home_recent_defense,away_recent_defense,football_data_quality,decision,bankroll,stake_percent,kelly_fraction,suggested_stake,home_elo,away_elo,elo_diff,home_xg,away_xg,draw_probability,draw_hunter,score_exact_1,score_exact_1_proba,score_exact_2,score_exact_2_proba,score_exact_3,score_exact_3_proba,score_exact_alert,scorer_prediction,over_25,under_25,btts_yes,btts_no,top_scores,tennis_engine_score,tennis_form_home,tennis_form_away,tennis_edge,priority
06/10/2026 02:16,MEGA VALUE,2026-10-06T18:45:00Z,soccer_uefa_nations_league,the-odds-api,football,Estonia,Iceland,Away Win,Iceland,0.709963374575,1.63,0.6135,0.1572,Forte,MEGA VALUE,True,100.0,1 - MEGA VALUE,MARCHE JUSTE,BOOST|GLOBAL_BOOST,-0.4% (13 obs),MEGA 70%/3% | SAFE 63%/1% | VALUE 58%/3%,JOUABLE,ok,Value positive 15.7% | Proba IA 71.0% | Mode MEGA VALUE | MARCHE JUSTE | Learning BOOST|GLOBAL_BOOST | Calibration -0.4% (13 obs) | Source the-odds-api,0.5,0.5,1.2,1.1,1.2,1.2,0,VALUE BET,7.43,0.2463,0.22,1.83,1500.0,1500.0,65.0,0.613,1.68,0.206,NO DRAW SIGNAL,0-1,19.85,0-2,15.75,1-1,11.7,SCORE POISSON + FORME - confiance 78%,A recalculer via player_scorers,0.4104,0.5896,0.3658,0.6342,"[('0-1', 0.1985), ('0-2', 0.1575), ('1-1', 0.117), ('1-2', 0.1074), ('1-0', 0.089), ('0-0', 0.0742), ('2-1', 0.0536), ('2-0', 0.0373), ('0-3', 0.0326), ('1-3', 0.025), ('2-2', 0.018), ('3-1', 0.012)]",0.0,0.0,0.0,0.0,265.31
06/10/2026 02:16,MEGA VALUE,2026-10-06T18:45:00Z,soccer_uefa_nations_league,the-odds-api,football,Moldova,Slovakia,Away Win,Slovakia,0.831063324,1.41,0.7092,0.1718,Elite,MEGA VALUE,True,100.0,1 - MEGA VALUE,OK,BOOST|GLOBAL_BOOST,+4.0% (33 obs),MEGA 70%/3% | SAFE 63%/1% | VALUE 58%/3%,JOUABLE,ok,Value positive 17.2% | Proba IA 83.1% | Mode MEGA VALUE | Learning BOOST|GLOBAL_BOOST | Calibration +4.0% (33 obs) | Source the-odds-api,0.5,0.5,1.2,1.1,1.2,1.2,0,VALUE BET,7.43,0.4038,0.22,3.0,1500.0,1500.0,65.0,0.363,2.044,0.1323,NO DRAW SIGNAL,0-2,21.65,0-1,19.23,0-3,15.22,SCORE POISSON + FORME - confiance 78%,A recalculer via player_scorers,0.4723,0.5277,0.2502,0.7498,"[('0-2', 0.2165), ('0-1', 0.1923), ('0-3', 0.1522), ('1-2', 0.0738), ('1-1', 0.0641), ('0-0', 0.056), ('0-4', 0.0557), ('1-0', 0.0405), ('1-3', 0.0372), ('2-1', 0.0186), ('0-5', 0.0144), ('1-4', 0.0128)]",0.0,0.0,0.0,0.0,280.05
06/10/2026 02:16,VALUE BET,2026-10-07T04:00:00Z,tennis_atp_shanghai_masters,the-odds-api,tennis,Adolfo Daniel Vallejo,Valentin Royer,Player 1 Win,Adolfo Daniel Vallejo,0.6628163149999999,1.73,0.578,0.1467,Moyenne,VALUE BET,True,100.0,3 - VALUE BET,,BOOST|GLOBAL_BOOST,BASELINE,MEGA 74%/3% | SAFE 67%/1% | VALUE 62%/3%,JOUABLE,ok,Value positive 14.7% | Proba IA 66.3% | Mode VALUE BET | Learning BOOST|GLOBAL_BOOST | Source the-odds-api,,,,,,,,VALUE BET,7.43,0.1346,0.2009,1.0,1526.88,1414.69,112.19,,,,NO DRAW SPORT,2-0,37.94,2-1,23.09,,,SET SCORE ESTIMATION,Tennis : aucun buteur,,,,,2-0 37.94% | 2-1 23.09%,61.21,0.556,0.167,0.0558,257.47
06/10/2026 02:16,VALUE BET,2026-10-07T04:00:00Z,tennis_atp_shanghai_masters,the-odds-api,tennis,Jaume Munar,Jenson Brooksby,Player 1 Win,Jaume Munar,0.669332615,1.69,0.5917,0.1312,Moyenne,VALUE BET,True,100.0,3 - VALUE BET,,BOOST|GLOBAL_BOOST,BASELINE,MEGA 74%/3% | SAFE 67%/1% | VALUE 62%/3%,JOUABLE,ok,Value positive 13.1% | Proba IA 66.9% | Mode VALUE BET | Learning BOOST|GLOBAL_BOOST | Source the-odds-api,,,,,,,,VALUE BET,7.43,0.1346,0.1901,1.0,1534.42,1482.9,51.52,,,,NO DRAW SPORT,2-0,37.83,2-1,23.8,,,SET SCORE ESTIMATION,Tennis : aucun buteur,,,,,2-0 37.83% | 2-1 23.8%,66.67,0.5,0.25,0.0415,251.26
06/10/2026 02:16,VALUE BET,2026-10-07T04:00:00Z,tennis_atp_shanghai_masters,the-odds-api,tennis,Mariano Navone,Pablo Carreno Busta,Player 1 Win,Mariano Navone,0.62426154,1.95,0.5128,0.2173,Moyenne,VALUE BET,True,100.0,3 - VALUE BET,,BOOST|GLOBAL_BOOST,BASELINE,MEGA 74%/3% | SAFE 67%/1% | VALUE 62%/3%,JOUABLE,ok,Value positive 21.7% | Proba IA 62.4% | Mode VALUE BET | Learning BOOST|GLOBAL_BOOST | Source the-odds-api,,,,,,,,VALUE BET,7.43,0.1346,0.22,1.0,1570.46,1492.1,78.37,,,,NO DRAW SPORT,2-0,33.84,2-1,23.64,,,SET SCORE ESTIMATION,Tennis : aucun buteur,,,,,2-0 33.84% | 2-1 23.64%,70.51,0.667,0.5,0.1209,285.14
06/10/2026 02:16,SAFE PICK,2026-10-08T22:30:00Z,soccer_brazil_campeonato,the-odds-api,football,Santos,Flamengo,Away Win,Flamengo,0.6397725061,1.89,0.5291,0.2092,Moyenne,SAFE PICK,True,100.0,2 - SAFE PICK,MARCHE JUSTE,BOOST|GLOBAL_BOOST,+4.0% (17 obs),MEGA 70%/3% | SAFE 63%/1% | VALUE 58%/3%,JOUABLE,ok,Value positive 20.9% | Proba IA 64.0% | Mode SAFE PICK | MARCHE JUSTE | Learning BOOST|GLOBAL_BOOST | Calibration +4.0% (17 obs) | Source the-odds-api,0.5,0.5,1.2,1.1,1.2,1.2,0,VALUE BET,7.43,0.2692,0.22,2.0,1500.0,1500.0,65.0,0.858,1.467,0.2616,NO DRAW SIGNAL,0-1,14.39,1-1,13.46,1-0,10.28,SCORE POISSON + FORME - confiance 75%,A recalculer via player_scorers,0.4102,0.5898,0.4423,0.5577,"[('0-1', 0.1439), ('1-1', 0.1346), ('1-0', 0.1028), ('0-2', 0.0999), ('1-2', 0.0952), ('0-0', 0.0724), ('2-1', 0.0722), ('2-0', 0.0545), ('2-2', 0.0341), ('1-3', 0.033), ('3-1', 0.0218), ('0-3', 0.0212)]",0.0,0.0,0.0,0.0,282.73
06/10/2026 02:16,MEGA VALUE,2026-10-09T18:00:00Z,soccer_netherlands_eredivisie,the-odds-api,football,PSV Eindhoven,Heerenveen,Home Win,PSV Eindhoven,0.851571805,1.25,0.8,0.0645,Elite,MEGA VALUE,True,98.18,1 - MEGA VALUE,OK,BOOST|GLOBAL_BOOST,+4.0% (27 obs),MEGA 70%/3% | SAFE 63%/1% | VALUE 58%/3%,JOUABLE,ok,Value positive 6.5% | Proba IA 85.2% | Mode MEGA VALUE | Learning BOOST|GLOBAL_BOOST | Calibration +4.0% (27 obs) | Source the-odds-api,0.67,0.58,3.25,1.62,1.75,1.12,1,VALUE BET,7.43,0.3809,0.22,2.83,1712.4,1530.6,246.9,2.24,1.29,0.1729,NO DRAW SIGNAL,2-1,13.82,1-1,10.54,2-0,10.41,SCORE POISSON + FORME - confiance 84%,A recalculer via player_scorers,0.7311,0.2689,0.6761,0.3239,"[('2-1', 0.1382), ('1-1', 0.1054), ('2-0', 0.1041), ('3-1', 0.0918), ('1-2', 0.0805), ('2-2', 0.0689), ('3-2', 0.0441), ('1-0', 0.0389), ('0-2', 0.0361), ('1-3', 0.0315), ('3-0', 0.0273), ('2-3', 0.0258)]",0.0,0.0,0.0,0.0,232.64
06/10/2026 02:16,MEGA VALUE,2026-10-10T13:30:00Z,soccer_germany_bundesliga,the-odds-api,football,Augsburg,Bayern Munich,Away Win,Bayern Munich,0.8957965755375,1.22,0.8197,0.0929,Elite,MEGA VALUE,True,100.0,1 - MEGA VALUE,OK,BOOST|GLOBAL_BOOST,+4.0% (33 obs),MEGA 70%/3% | SAFE 63%/1% | VALUE 58%/3%,JOUABLE,ok,Value positive 9.3% | Proba IA 89.6% | Mode MEGA VALUE | Learning BOOST|GLOBAL_BOOST | Calibration +4.0% (33 obs) | Source the-odds-api,0.5,0.92,1.75,3.62,2.0,1.38,1,VALUE BET,7.43,0.4038,0.22,3.0,1492.5,1743.4,-185.9,1.43,2.22,0.1996,NO DRAW SIGNAL,1-2,12.66,1-1,11.38,0-2,8.56,SCORE POISSON + FORME - confiance 84%,A recalculer via player_scorers,0.7432,0.2568,0.7112,0.2888,"[('1-2', 0.1266), ('1-1', 0.1138), ('0-2', 0.0856), ('2-1', 0.0849), ('1-3', 0.0835), ('2-2', 0.0817), ('2-3', 0.0444), ('2-0', 0.0398), ('3-1', 0.0369), ('0-1', 0.032), ('3-2', 0.0295), ('1-0', 0.0244)]",0.0,0.0,0.0,0.0,250.64
06/10/2026 02:16,MEGA VALUE,2026-10-10T18:00:00Z,soccer_netherlands_eredivisie,the-odds-api,football,Fortuna Sittard,FC Twente Enschede,Away Win,FC Twente Enschede,0.78191788675,1.44,0.6944,0.126,Elite,MEGA VALUE,True,100.0,1 - MEGA VALUE,OK,BOOST|GLOBAL_BOOST,+4.0% (16 obs),MEGA 70%/3% | SAFE 63%/1% | VALUE 58%/3%,JOUABLE,ok,Value positive 12.6% | Proba IA 78.2% | Mode MEGA VALUE | Learning BOOST|GLOBAL_BOOST | Calibration +4.0% (16 obs) | Source the-odds-api,0.5,0.5,1.2,1.1,1.2,1.2,0,VALUE BET,7.43,0.2463,0.22,1.83,1500.0,1500.0,65.0,0.51,1.881,0.1654,NO DRAW SIGNAL,0-2,19.89,0-1,19.32,1-2,9.58,SCORE POISSON + FORME - confiance 73%,A recalculer via player_scorers,0.4483,0.5517,0.3254,0.6746,"[('0-2', 0.1989), ('0-1', 0.1932), ('1-2', 0.0958), ('1-1', 0.0912), ('0-3', 0.0723), ('0-0', 0.0625), ('1-0', 0.0623), ('1-3', 0.0447), ('2-1', 0.0346), ('0-4', 0.024), ('2-0', 0.022), ('2-2', 0.0175)]",0.0,0.0,0.0,0.0,256.9
06/10/2026 02:16,MEGA VALUE,2026-10-10T23:30:00Z,soccer_usa_mls,the-odds-api,football,Philadelphia Union,Real Salt Lake,Home Win,Philadelphia Union,0.7710954999999999,1.43,0.6993,0.1027,Forte,MEGA VALUE,True,100.0,1 - MEGA VALUE,OK,GLOBAL_BOOST,+4.0% (27 obs),MEGA 70%/3% | SAFE 63%/1% | VALUE 58%/3%,JOUABLE,ok,Value positive 10.3% | Proba IA 77.1% | Mode MEGA VALUE | Learning GLOBAL_BOOST | Calibration +4.0% (27 obs) | Source the-odds-api,0.5,0.5,1.2,1.1,1.2,1.2,0,VALUE BET,7.43,0.2463,0.22,1.83,1500.0,1500.0,65.0,2.314,0.43,0.1117,NO DRAW SIGNAL,2-0,23.47,3-0,18.6,1-0,12.07,SCORE POISSON + FORME - confiance 78%,A recalculer via player_scorers,0.556,0.444,0.2984,0.7016,"[('2-0', 0.2347), ('3-0', 0.186), ('1-0', 0.1207), ('2-1', 0.0786), ('4-0', 0.0777), ('3-1', 0.0537), ('1-1', 0.0483), ('0-1', 0.0324), ('0-0', 0.0319), ('5-0', 0.0212), ('4-1', 0.0207), ('1-2', 0.0179)]",0.0,0.0,0.0,0.0,246.12
06/10/2026 02:16,MEGA VALUE,2026-10-11T17:00:00Z,soccer_portugal_primeira_liga,the-odds-api,football,Benfica,Vitória SC,Home Win,Benfica,0.84147154,1.28,0.7812,0.0771,Elite,MEGA VALUE,True,99.21,1 - MEGA VALUE,OK,BOOST|GLOBAL_BOOST,+4.0% (27 obs),MEGA 70%/3% | SAFE 63%/1% | VALUE 58%/3%,JOUABLE,ok,Value positive 7.7% | Proba IA 84.1% | Mode MEGA VALUE | Learning BOOST|GLOBAL_BOOST | Calibration +4.0% (27 obs) | Source the-odds-api,0.75,0.5,2.38,1.1,1.0,1.2,1,VALUE BET,7.43,0.4038,0.22,3.0,1720.6,1500.0,285.6,1.83,0.94,0.1987,NO DRAW SIGNAL,1-0,14.48,2-0,12.51,2-1,12.44,SCORE POISSON + FORME - confiance 84%,A recalculer via player_scorers,0.5314,0.4686,0.5041,0.4959,"[('1-0', 0.1448), ('2-0', 0.1251), ('2-1', 0.1244), ('1-1', 0.1197), ('0-1', 0.0796), ('1-2', 0.0678), ('0-0', 0.0508), ('3-1', 0.0506), ('0-2', 0.0391), ('2-2', 0.0365), ('3-0', 0.0307), ('3-2', 0.0177)]",0.0,0.0,0.0,0.0,238.88
06/10/2026 02:16,MEGA VALUE,2026-10-13T19:00:00Z,soccer_uefa_champs_league,the-odds-api,football,Galatasaray,Barcelona,Away Win,Barcelona,0.80823059044,1.33,0.7519,0.0749,Elite,MEGA VALUE,True,97.56,1 - MEGA VALUE,OK,BOOST|GLOBAL_BOOST,+4.0% (16 obs),MEGA 70%/3% | SAFE 63%/1% | VALUE 58%/3%,JOUABLE,ok,Value positive 7.5% | Proba IA 80.8% | Mode MEGA VALUE | Learning BOOST|GLOBAL_BOOST | Calibration +4.0% (16 obs) | Source the-odds-api,0.5,0.75,1.2,1.88,1.2,0.88,1,VALUE BET,7.43,0.4038,0.22,3.0,1500.0,1721.2,-156.2,1.13,1.3,0.2852,NO DRAW SIGNAL,1-1,14.67,0-1,11.66,1-0,11.3,SCORE POISSON + FORME - confiance 84%,A recalculer via player_scorers,0.4318,0.5682,0.4947,0.5053,"[('1-1', 0.1467), ('0-1', 0.1166), ('1-0', 0.113), ('1-2', 0.0877), ('2-1', 0.087), ('0-2', 0.0747), ('0-0', 0.0704), ('2-0', 0.0703), ('2-2', 0.0396), ('1-3', 0.0287), ('3-1', 0.0284), ('3-0', 0.0184)]",0.0,0.0,0.0,0.0,233.19
06/10/2026 02:16,MEGA VALUE,2026-10-14T19:00:00Z,soccer_uefa_champs_league,the-odds-api,football,ŠK Slovan Bratislava,VfB Stuttgart,Away Win,VfB Stuttgart,0.84902237875,1.37,0.7299,0.1632,Elite,MEGA VALUE,True,100.0,1 - MEGA VALUE,OK,BOOST|GLOBAL_BOOST,+4.0% (33 obs),MEGA 70%/3% | SAFE 63%/1% | VALUE 58%/3%,JOUABLE,ok,Value positive 16.3% | Proba IA 84.9% | Mode MEGA VALUE | Learning BOOST|GLOBAL_BOOST | Calibration +4.0% (33 obs) | Source the-odds-api,0.5,0.5,1.2,1.1,1.2,1.2,0,VALUE BET,7.43,0.4038,0.22,3.0,1500.0,1500.0,65.0,0.35,2.117,0.1237,NO DRAW SIGNAL,0-2,21.87,0-1,18.77,0-3,15.92,SCORE POISSON + FORME - confiance 78%,A recalculer via player_scorers,0.4884,0.5116,0.2452,0.7548,"[('0-2', 0.2187), ('0-1', 0.1877), ('0-3', 0.1592), ('1-2', 0.072), ('1-1', 0.0607), ('0-4', 0.0603), ('0-0', 0.0529), ('1-3', 0.0375), ('1-0', 0.0374), ('2-1', 0.0174), ('0-5', 0.0162), ('1-4', 0.0134)]",0.0,0.0,0.0,0.0,277.59
06/10/2026 02:16,MEGA VALUE,2026-10-15T16:45:00Z,soccer_uefa_europa_conference_league,the-odds-api,football,PFC CSKA Sofia,AS Monaco,Away Win,AS Monaco,0.7486882585,1.51,0.6623,0.1305,Forte,MEGA VALUE,True,100.0,1 - MEGA VALUE,OK,BOOST|GLOBAL_BOOST,+4.0% (16 obs),MEGA 70%/3% | SAFE 63%/1% | VALUE 58%/3%,JOUABLE,ok,Value positive 13.1% | Proba IA 74.9% | Mode MEGA VALUE | Learning BOOST|GLOBAL_BOOST | Calibration +4.0% (16 obs) | Source the-odds-api,0.5,0.5,1.2,1.1,1.2,1.2,0,VALUE BET,7.43,0.2463,0.22,1.83,1500.0,1500.0,65.0,0.559,1.769,0.1813,NO DRAW SIGNAL,0-1,18.68,0-2,17.85,1-1,10.34,SCORE POISSON + FORME - confiance 75%,A recalculer via player_scorers,0.4311,0.5689,0.3417,0.6583,"[('0-1', 0.1868), ('0-2', 0.1785), ('1-1', 0.1034), ('1-2', 0.0979), ('1-0', 0.0764), ('0-0', 0.0674), ('2-1', 0.046), ('1-3', 0.0433), ('0-3', 0.0381), ('2-0', 0.0322), ('2-2', 0.0223), ('3-1', 0.0127)]",0.0,0.0,0.0,0.0,256.53
06/10/2026 02:16,MEGA VALUE,2026-10-15T19:00:00Z,soccer_uefa_europa_conference_league,the-odds-api,football,Sint Truiden,FC Iberia 1999,Home Win,Sint Truiden,0.7940344999999999,1.4,0.7143,0.1116,Elite,MEGA VALUE,True,100.0,1 - MEGA VALUE,OK,GLOBAL_BOOST,+4.0% (27 obs),MEGA 70%/3% | SAFE 63%/1% | VALUE 58%/3%,JOUABLE,ok,Value positive 11.2% | Proba IA 79.4% | Mode MEGA VALUE | Learning GLOBAL_BOOST | Calibration +4.0% (27 obs) | Source the-odds-api,0.5,0.5,1.2,1.1,1.2,1.2,0,VALUE BET,7.43,0.4038,0.22,3.0,1500.0,1500.0,65.0,2.425,0.359,0.097,NO DRAW SIGNAL,2-0,24.34,3-0,20.21,1-0,11.97,SCORE POISSON + FORME - confiance 78%,A recalculer via player_scorers,0.5671,0.4329,0.2599,0.7401,"[('2-0', 0.2434), ('3-0', 0.2021), ('1-0', 0.1197), ('4-0', 0.0884), ('2-1', 0.069), ('3-1', 0.049), ('1-1', 0.0413), ('0-0', 0.0304), ('0-1', 0.0267), ('5-0', 0.0252), ('4-1', 0.0198), ('1-2', 0.0137)]",0.0,0.0,0.0,0.0,251.59
06/10/2026 02:16,SAFE PICK,2026-10-17T12:00:00Z,soccer_spain_la_liga,the-odds-api,football,Espanyol,Atlético Madrid,Away Win,Atlético Madrid,0.64667652595,1.88,0.5319,0.2158,Moyenne,SAFE PICK,True,100.0,2 - SAFE PICK,MARCHE JUSTE,BOOST|GLOBAL_BOOST,+4.0% (17 obs),MEGA 70%/3% | SAFE 63%/1% | VALUE 58%/3%,JOUABLE,ok,Value positive 21.6% | Proba IA 64.7% | Mode SAFE PICK | MARCHE JUSTE | Learning BOOST|GLOBAL_BOOST | Calibration +4.0% (17 obs) | Source the-odds-api,0.5,0.5,1.2,1.1,1.2,1.2,0,VALUE BET,7.43,0.2692,0.22,2.0,1500.0,1500.0,65.0,0.844,1.48,0.2602,NO DRAW SIGNAL,0-1,14.52,1-1,13.4,1-0,10.18,SCORE POISSON + FORME - confiance 77%,A recalculer via player_scorers,0.4099,0.5901,0.4394,0.5606,"[('0-1', 0.1452), ('1-1', 0.134), ('1-0', 0.1018), ('0-2', 0.1016), ('1-2', 0.0955), ('0-0', 0.0726), ('2-1', 0.0712), ('2-0', 0.0536), ('2-2', 0.0339), ('1-3', 0.0333), ('0-3', 0.0216), ('3-1', 0.0215)]",0.0,0.0,0.0,0.0,286.04
06/10/2026 02:16,SAFE PICK,2026-10-17T13:30:00Z,soccer_germany_bundesliga,the-odds-api,football,Hamburger SV,VfB Stuttgart,Away Win,VfB Stuttgart,0.6449505209875,1.85,0.5405,0.1932,Moyenne,SAFE PICK,True,100.0,2 - SAFE PICK,MARCHE JUSTE,BOOST|GLOBAL_BOOST,+4.0% (17 obs),MEGA 70%/3% | SAFE 63%/1% | VALUE 58%/3%,JOUABLE,ok,Value positive 19.3% | Proba IA 64.5% | Mode SAFE PICK | MARCHE JUSTE | Learning BOOST|GLOBAL_BOOST | Calibration +4.0% (17 obs) | Source the-odds-api,0.5,0.5,1.2,1.1,1.2,1.2,0,VALUE BET,7.43,0.2692,0.22,2.0,1500.0,1500.0,65.0,0.881,1.468,0.2612,NO DRAW SIGNAL,0-1,14.13,1-1,13.5,1-0,10.3,SCORE POISSON + FORME - confiance 73%,A recalculer via player_scorers,0.4165,0.5835,0.4499,0.5501,"[('0-1', 0.1413), ('1-1', 0.135), ('1-0', 0.103), ('0-2', 0.0982), ('1-2', 0.0956), ('2-1', 0.0736), ('0-0', 0.0713), ('2-0', 0.0554), ('2-2', 0.0348), ('1-3', 0.0331), ('3-1', 0.0223), ('0-3', 0.021)]",0.0,0.0,0.0,0.0,276.2
06/10/2026 02:16,MEGA VALUE,2026-10-18T19:00:00Z,soccer_spain_la_liga,the-odds-api,football,Real Madrid,Sevilla,Home Win,Real Madrid,0.857436475,1.27,0.7874,0.0889,Elite,MEGA VALUE,True,100.0,1 - MEGA VALUE,OK,BOOST|GLOBAL_BOOST,+4.0% (27 obs),MEGA 70%/3% | SAFE 63%/1% | VALUE 58%/3%,JOUABLE,ok,Value positive 8.9% | Proba IA 85.7% | Mode MEGA VALUE | Learning BOOST|GLOBAL_BOOST | Calibration +4.0% (27 obs) | Source the-odds-api,0.71,0.5,1.62,1.12,0.88,1.25,1,VALUE BET,7.43,0.4038,0.22,3.0,1681.8,1449.5,297.3,1.75,0.89,0.2053,NO DRAW SIGNAL,1-0,15.32,2-0,12.75,2-1,12.11,SCORE POISSON + FORME - confiance 84%,A recalculer via player_scorers,0.4999,0.5001,0.4793,0.5207,"[('1-0', 0.1532), ('2-0', 0.1275), ('2-1', 0.1211), ('1-1', 0.1209), ('0-1', 0.0832), ('1-2', 0.0655), ('0-0', 0.0552), ('3-1', 0.0475), ('0-2', 0.0392), ('2-2', 0.0342), ('3-0', 0.0302), ('1-3', 0.0163)]",0.0,0.0,0.0,0.0,246.27
06/10/2026 02:16,SAFE PICK,2026-10-18T20:00:00Z,soccer_argentina_primera_division,the-odds-api,football,Banfield,Argentinos Juniors,Away Win,Argentinos Juniors,0.6624407046075,1.73,0.578,0.146,Moyenne,SAFE PICK,True,100.0,2 - SAFE PICK,MARCHE JUSTE,BOOST|GLOBAL_BOOST,+4.0% (17 obs),MEGA 70%/3% | SAFE 63%/1% | VALUE 58%/3%,JOUABLE,ok,Value positive 14.6% | Proba IA 66.2% | Mode SAFE PICK | MARCHE JUSTE | Learning BOOST|GLOBAL_BOOST | Calibration +4.0% (17 obs) | Source the-odds-api,0.5,0.5,1.2,1.1,1.2,1.2,0,VALUE BET,7.43,0.2463,0.2,1.83,1500.0,1500.0,65.0,0.774,1.518,0.2558,NO DRAW SIGNAL,0-1,15.95,1-1,13.66,0-2,11.42,SCORE POISSON + FORME - confiance 78%,A recalculer via player_scorers,0.4014,0.5986,0.42,0.58,"[('0-1', 0.1595), ('1-1', 0.1366), ('0-2', 0.1142), ('1-0', 0.1018), ('1-2', 0.0994), ('0-0', 0.0774), ('2-1', 0.0687), ('2-0', 0.0513), ('2-2', 0.0243), ('0-3', 0.0241), ('1-3', 0.0236), ('3-1', 0.0175)]",0.0,0.0,0.0,0.0,257.16
06/10/2026 02:16,MEGA VALUE,2026-10-19T19:00:00Z,soccer_epl,the-odds-api,football,Tottenham Hotspur,Coventry City,Home Win,Tottenham Hotspur,0.727552,1.53,0.6536,0.1132,Forte,MEGA VALUE,True,99.42,1 - MEGA VALUE,OK,GLOBAL_BOOST,+4.0% (19 obs),MEGA 70%/3% | SAFE 63%/1% | VALUE 58%/3%,JOUABLE,ok,Value positive 11.3% | Proba IA 72.8% | Mode MEGA VALUE | Learning GLOBAL_BOOST | Calibration +4.0% (19 obs) | Source the-odds-api,0.5,0.5,1.2,1.1,1.2,1.2,0,VALUE BET,7.43,0.4038,0.2135,3.0,1500.0,1500.0,65.0,2.114,0.51,0.1359,NO DRAW SIGNAL,2-0,20.4,1-0,17.73,2-1,9.95,SCORE POISSON + FORME - confiance 78%,A recalculer via player_scorers,0.5244,0.4756,0.3336,0.6664,"[('2-0', 0.204), ('1-0', 0.1773), ('2-1', 0.0995), ('3-0', 0.0929), ('1-1', 0.0831), ('3-1', 0.0518), ('0-0', 0.0513), ('0-1', 0.049), ('4-0', 0.0359), ('1-2', 0.029), ('4-1', 0.0198), ('2-2', 0.0176)]",0.0,0.0,0.0,0.0,246.73
